,Você sabe programar?,Você já estudou NLP antes?,Você já trabalhou NLP antes?,Qual a utilidade que você acredita ou qual sua expectativa com a utilidade dessa disciplina?,Descreva qual seria sua expectativa com relação ao conteúdo da disciplina. Como  você acredita que essa disciplina pode contribuir com sua formação?,"Para você, o que é essencial estudar nesta disciplina?",Mais alguma observação?,programmer,nlp_student,nlp_worker,utility,da_worker,formation
0,Sim,Não,Não,Muito útil,NLP é uma parte importante para quem deseja fazer parte de projetos envolvendo Inteligência artificial. Em meu trabalho há uma equipe desenvolvendo aplicações em IA e ML e esta disciplina fará com que eu fique mais preparado para fazer parte deste time e aprofundar os conhecimentos adquiridos em sala de aula.,classificação e exploração de dados textuais e NLP para análise de sentimento.,,1,0,0,5,0,information_technology
1,Sim,Não,Não,Não sei,"Atualmente trabalho no desenvolvimento de diferentes softwares com aplicações vastamente diferentes. Não há nenhuma aplicação direta da disciplina no meu trabalho atual, entretanto é muito difícil precisar quanto algum material será útil futuramente. Acredito que todo conhecimento é útil e pode levar a soluções criativas e eficientes em problemas futuros.",Acho a aplicação dela em chatbots muito interessante.,,1,0,0,0,0,information_technology
2,Sim,Não,Não,Útil,"Para o mercado que atuo, atacado/distribuidor, acredito que seria interessante para prestação de suporte aos vendedores de forma rápida, dentro do app de força de vendas que temos, sem depender de um suporte humano para casos simples e que muitas meses ocupam os analistas de suporte quando poderiam estar com demandas realmente importantes.",Como processar as interações de uma pessoa e dar a resposta que ela espera.,por hora é isso :P,1,0,0,4,0,information_technology
3,Não,Sim,Sim,Muito útil,Utilizar NLP para desenvolver soluções inteligentes,Aplicação BERT em português para um problema real,"Utilização de soluções de mercado, Watson Assistant, Dialog Flow, Alexa Toolkit",0,1,1,5,0,information_technology
4,Sim,Não,Não,Útil,"Minha expectativa é de aprender essa disciplina para melhorar o uso da engenharia, através de uma melhora na capacidade de análise de informações","A realidade e a carga de informações que estão de certa maneira ""implícitas"" em textos e afins",,1,0,0,4,0,engineering
5,Sim,Não,Não,Útil,Obter conhecimentos de forma prática e objetiva dos métodos do estado da arte mais utilizados no mercado atualmente para processamento de linguagem. Conhecer as principais técnicas e ferramentas e projetos de mercado.,"Os principais métodos, quando utiliza-los e o correto set up.",,1,0,0,4,0,engineering
6,Sim,Sim,Sim,Muito útil,Aplicações práticas de NLP.,"Representação de atributos - Embedding, por exemplo ",,1,1,1,5,1,information_technology
7,Sim,Sim,Sim,Muito útil,Estudo e trabalhei a pouco tempo com NLP e com certeza essa disciplina vai me dar um norte bacana para eu continuar navegando nesse assunto.,"Acho que a normalização de texto, saber qual processamento utilizar de acordo com uma situação. Gostaria muito de ver também similaridade entre textos.",por enquanto não =),1,1,1,5,1,engineering
8,Sim,Sim,Não,Útil,"Minha expectativa é ser capaz de fazer a análise de documentos e textos, com base em consultas pré determinadas.",Ver a aplicabilidade da disciplina na prática.,,1,1,0,4,0,other
9,Sim,Não,Não,Útil,Acredito que com o conteúdo da disciplina pode ser útil no futuro se por acaso eu acabe mudando para a área de Ciência de Dados.,Entender o processo de como a máquina entende a linguagem humana e saber como implementar alguns modelos com essa funcionalidade.,,1,0,0,4,0,information_technology
10,Sim,Não,Não,Útil,Ela é importante para tirarmos insigths de campos de texto.,Similaridade entre textos.,,1,0,0,4,0,engineering
11,Sim,Não,Não,Muito útil,"Não tinha muita idéia de como era o curso, como funcionavam as disciplinas e como seria a área. Cheguei a pensar em desistir por achar que na empresa que eu trabalho atualmente não há espaço uma área deste tipo. Porém resolvi continuar no curso pois estava gostando do que estava aprendendo. Nessa empresa recentemente houve um início de projeto nesta área envolvendo inclusive o tratamento de textos em linguagem natural e análise de sentimentos. Não quis me inscrever para participar pois não tinha bagagem para isto. Hoje em dia acho que me arriscaria a trabalhar em algum projeto do tipo, mas é claro será necessário procurar algum curso para me apronfundar em algum aspecto como por exemplo o ferramental  necessário para um ambiente de inteligência artificial e aprendizado de máquina ou na linguagem Python. A parte de estatística também pois como meu formação é tecnologo, a parte matemática me faz bastante falta. ",Sinceramente não saberia dizer exatamente.,,1,0,0,5,0,information_technology