Árvores/Profundidade, Média Validação Cruzada, Desvio-Padrão Validação Cruzada, Média Erro Absoluto, R², Variância Explicada
5 / 5 , 0.804782499849 , 0.107090496816 , 51561.2835371 , 0.658505401854 , 0.670257825454
5 / 10 , 0.83580330171 , 0.0829843647653 , 34714.229102 , 0.704673674531 , 0.714717374129
5 / 15 , 0.849114151389 , 0.0747489560117 , 36565.5320681 , 0.691759106869 , 0.70001845952
5 / 20 , 0.840503440996 , 0.0812908819247 , 34840.548086 , 0.69287733706 , 0.70432397834
5 / 25 , 0.84415545867 , 0.0797411416207 , 35548.3179847 , 0.705097963016 , 0.718464994456
5 / 30 , 0.842757896249 , 0.0769124964384 , 35549.4613022 , 0.704142914222 , 0.7145720912
5 / 35 , 0.842757896249 , 0.0769124964384 , 35549.4613022 , 0.704142914222 , 0.7145720912
5 / 40 , 0.842757896249 , 0.0769124964384 , 35549.4613022 , 0.704142914222 , 0.7145720912
5 / 45 , 0.842757896249 , 0.0769124964384 , 35549.4613022 , 0.704142914222 , 0.7145720912
5 / 50 , 0.842757896249 , 0.0769124964384 , 35549.4613022 , 0.704142914222 , 0.7145720912
5 / 55 , 0.842757896249 , 0.0769124964384 , 35549.4613022 , 0.704142914222 , 0.7145720912
5 / 60 , 0.842757896249 , 0.0769124964384 , 35549.4613022 , 0.704142914222 , 0.7145720912
5 / 65 , 0.842757896249 , 0.0769124964384 , 35549.4613022 , 0.704142914222 , 0.7145720912
5 / 70 , 0.842757896249 , 0.0769124964384 , 35549.4613022 , 0.704142914222 , 0.7145720912
5 / 75 , 0.842757896249 , 0.0769124964384 , 35549.4613022 , 0.704142914222 , 0.7145720912
5 / 80 , 0.842757896249 , 0.0769124964384 , 35549.4613022 , 0.704142914222 , 0.7145720912
5 / 85 , 0.842757896249 , 0.0769124964384 , 35549.4613022 , 0.704142914222 , 0.7145720912
5 / 90 , 0.842757896249 , 0.0769124964384 , 35549.4613022 , 0.704142914222 , 0.7145720912
5 / 95 , 0.842757896249 , 0.0769124964384 , 35549.4613022 , 0.704142914222 , 0.7145720912
10 / 5 , 0.808515671875 , 0.10935208613 , 47564.5323313 , 0.713227071216 , 0.727067644588
10 / 10 , 0.839254381149 , 0.0884627668792 , 33223.1976301 , 0.760708053629 , 0.769237013024
10 / 15 , 0.846732452722 , 0.0872265317026 , 33581.4363519 , 0.751747944819 , 0.757791422115
10 / 20 , 0.838073363506 , 0.0952317266923 , 32772.934178 , 0.749825921318 , 0.758294326847
10 / 25 , 0.84050643155 , 0.0931523522143 , 33817.6862578 , 0.752384882468 , 0.761400650527
10 / 30 , 0.840636793297 , 0.0913671379461 , 33771.5274122 , 0.752237026033 , 0.75979839802
10 / 35 , 0.840636793297 , 0.0913671379461 , 33771.5274122 , 0.752237026033 , 0.75979839802
10 / 40 , 0.840636793297 , 0.0913671379461 , 33771.5274122 , 0.752237026033 , 0.75979839802
10 / 45 , 0.840636793297 , 0.0913671379461 , 33771.5274122 , 0.752237026033 , 0.75979839802
10 / 50 , 0.840636793297 , 0.0913671379461 , 33771.5274122 , 0.752237026033 , 0.75979839802
10 / 55 , 0.840636793297 , 0.0913671379461 , 33771.5274122 , 0.752237026033 , 0.75979839802
10 / 60 , 0.840636793297 , 0.0913671379461 , 33771.5274122 , 0.752237026033 , 0.75979839802
10 / 65 , 0.840636793297 , 0.0913671379461 , 33771.5274122 , 0.752237026033 , 0.75979839802
10 / 70 , 0.840636793297 , 0.0913671379461 , 33771.5274122 , 0.752237026033 , 0.75979839802
10 / 75 , 0.840636793297 , 0.0913671379461 , 33771.5274122 , 0.752237026033 , 0.75979839802
10 / 80 , 0.840636793297 , 0.0913671379461 , 33771.5274122 , 0.752237026033 , 0.75979839802
10 / 85 , 0.840636793297 , 0.0913671379461 , 33771.5274122 , 0.752237026033 , 0.75979839802
10 / 90 , 0.840636793297 , 0.0913671379461 , 33771.5274122 , 0.752237026033 , 0.75979839802
10 / 95 , 0.840636793297 , 0.0913671379461 , 33771.5274122 , 0.752237026033 , 0.75979839802
15 / 5 , 0.817423405977 , 0.0947208182086 , 46055.1371662 , 0.70650015259 , 0.718771342404
15 / 10 , 0.850007254846 , 0.0767676672491 , 32568.222664 , 0.752321740649 , 0.761916383779
15 / 15 , 0.857536177912 , 0.0739483294322 , 32370.0857872 , 0.764732042999 , 0.771797441295
15 / 20 , 0.849582931374 , 0.0810957646238 , 31824.1359744 , 0.750744225397 , 0.758902613058
15 / 25 , 0.852300621043 , 0.0781020809361 , 32647.1288499 , 0.754145069115 , 0.762977729119
15 / 30 , 0.852448023931 , 0.0772738224074 , 32768.9778077 , 0.751366172664 , 0.759290891771
15 / 35 , 0.852448023931 , 0.0772738224074 , 32768.9778077 , 0.751366172664 , 0.759290891771
15 / 40 , 0.852448023931 , 0.0772738224074 , 32768.9778077 , 0.751366172664 , 0.759290891771
15 / 45 , 0.852448023931 , 0.0772738224074 , 32768.9778077 , 0.751366172664 , 0.759290891771
15 / 50 , 0.852448023931 , 0.0772738224074 , 32768.9778077 , 0.751366172664 , 0.759290891771
15 / 55 , 0.852448023931 , 0.0772738224074 , 32768.9778077 , 0.751366172664 , 0.759290891771
15 / 60 , 0.852448023931 , 0.0772738224074 , 32768.9778077 , 0.751366172664 , 0.759290891771
15 / 65 , 0.852448023931 , 0.0772738224074 , 32768.9778077 , 0.751366172664 , 0.759290891771
15 / 70 , 0.852448023931 , 0.0772738224074 , 32768.9778077 , 0.751366172664 , 0.759290891771
15 / 75 , 0.852448023931 , 0.0772738224074 , 32768.9778077 , 0.751366172664 , 0.759290891771
15 / 80 , 0.852448023931 , 0.0772738224074 , 32768.9778077 , 0.751366172664 , 0.759290891771
15 / 85 , 0.852448023931 , 0.0772738224074 , 32768.9778077 , 0.751366172664 , 0.759290891771
15 / 90 , 0.852448023931 , 0.0772738224074 , 32768.9778077 , 0.751366172664 , 0.759290891771
15 / 95 , 0.852448023931 , 0.0772738224074 , 32768.9778077 , 0.751366172664 , 0.759290891771
20 / 5 , 0.823999365949 , 0.0866809994271 , 45210.2053162 , 0.728391022885 , 0.739822190508
20 / 10 , 0.855543666009 , 0.0694343745155 , 32516.0612453 , 0.759839544868 , 0.769154258542
20 / 15 , 0.860591556041 , 0.0706269680004 , 31518.0878694 , 0.783273153228 , 0.790371968111
20 / 20 , 0.854518118976 , 0.0766410595217 , 30885.8346595 , 0.771425413593 , 0.77860943931
20 / 25 , 0.856026706023 , 0.0734056329413 , 31539.0701768 , 0.771062071297 , 0.77919040978
20 / 30 , 0.855953020833 , 0.073047131636 , 31651.8912566 , 0.769124480367 , 0.776457484433
20 / 35 , 0.85593377625 , 0.0730335392188 , 31940.1327227 , 0.765621330385 , 0.7730296753
20 / 40 , 0.85593377625 , 0.0730335392188 , 31940.1327227 , 0.765621330385 , 0.7730296753
20 / 45 , 0.85593377625 , 0.0730335392188 , 31940.1327227 , 0.765621330385 , 0.7730296753
20 / 50 , 0.85593377625 , 0.0730335392188 , 31940.1327227 , 0.765621330385 , 0.7730296753
20 / 55 , 0.85593377625 , 0.0730335392188 , 31940.1327227 , 0.765621330385 , 0.7730296753
20 / 60 , 0.85593377625 , 0.0730335392188 , 31940.1327227 , 0.765621330385 , 0.7730296753
20 / 65 , 0.85593377625 , 0.0730335392188 , 31940.1327227 , 0.765621330385 , 0.7730296753
20 / 70 , 0.85593377625 , 0.0730335392188 , 31940.1327227 , 0.765621330385 , 0.7730296753
20 / 75 , 0.85593377625 , 0.0730335392188 , 31940.1327227 , 0.765621330385 , 0.7730296753
20 / 80 , 0.85593377625 , 0.0730335392188 , 31940.1327227 , 0.765621330385 , 0.7730296753
20 / 85 , 0.85593377625 , 0.0730335392188 , 31940.1327227 , 0.765621330385 , 0.7730296753
20 / 90 , 0.85593377625 , 0.0730335392188 , 31940.1327227 , 0.765621330385 , 0.7730296753
20 / 95 , 0.85593377625 , 0.0730335392188 , 31940.1327227 , 0.765621330385 , 0.7730296753
25 / 5 , 0.82525688875 , 0.085932186602 , 43852.9005286 , 0.740585455043 , 0.750852161608
25 / 10 , 0.858315760185 , 0.06734666357 , 31711.4691261 , 0.765661687156 , 0.773943711143
25 / 15 , 0.860980091385 , 0.0680608355058 , 30933.5596849 , 0.794481925449 , 0.80070569084
25 / 20 , 0.857710121562 , 0.0749293835703 , 30708.2765367 , 0.771108390735 , 0.777502268894
25 / 25 , 0.856837604969 , 0.0737495062789 , 30828.9637265 , 0.786039531544 , 0.792777046401
25 / 30 , 0.85693133369 , 0.0740800826954 , 30872.5272303 , 0.784279031639 , 0.79043545777
25 / 35 , 0.856900305863 , 0.0740607404082 , 31102.5829804 , 0.781280002194 , 0.787491636451
25 / 40 , 0.856900305863 , 0.0740607404082 , 31102.5829804 , 0.781280002194 , 0.787491636451
25 / 45 , 0.856900305863 , 0.0740607404082 , 31102.5829804 , 0.781280002194 , 0.787491636451
25 / 50 , 0.856900305863 , 0.0740607404082 , 31102.5829804 , 0.781280002194 , 0.787491636451
25 / 55 , 0.856900305863 , 0.0740607404082 , 31102.5829804 , 0.781280002194 , 0.787491636451
25 / 60 , 0.856900305863 , 0.0740607404082 , 31102.5829804 , 0.781280002194 , 0.787491636451
25 / 65 , 0.856900305863 , 0.0740607404082 , 31102.5829804 , 0.781280002194 , 0.787491636451
25 / 70 , 0.856900305863 , 0.0740607404082 , 31102.5829804 , 0.781280002194 , 0.787491636451
25 / 75 , 0.856900305863 , 0.0740607404082 , 31102.5829804 , 0.781280002194 , 0.787491636451
25 / 80 , 0.856900305863 , 0.0740607404082 , 31102.5829804 , 0.781280002194 , 0.787491636451
25 / 85 , 0.856900305863 , 0.0740607404082 , 31102.5829804 , 0.781280002194 , 0.787491636451
25 / 90 , 0.856900305863 , 0.0740607404082 , 31102.5829804 , 0.781280002194 , 0.787491636451
25 / 95 , 0.856900305863 , 0.0740607404082 , 31102.5829804 , 0.781280002194 , 0.787491636451
30 / 5 , 0.827846578805 , 0.0853773680396 , 42952.3225072 , 0.755661338097 , 0.765058066881
30 / 10 , 0.858948594859 , 0.0682967966072 , 30799.8924584 , 0.787429790371 , 0.795293482494
30 / 15 , 0.861130675432 , 0.0686124991115 , 30078.7950765 , 0.805883396192 , 0.812045070361
30 / 20 , 0.858559477957 , 0.0754296207938 , 29958.6571039 , 0.784520081163 , 0.790753005507
30 / 25 , 0.858695832644 , 0.0734354091291 , 29965.9167209 , 0.796885627568 , 0.80336635973
30 / 30 , 0.858607096285 , 0.0736997200305 , 29961.7305056 , 0.795581971525 , 0.801535941764
30 / 35 , 0.858578444269 , 0.0736902464617 , 30148.7172625 , 0.793138310431 , 0.799137509236
30 / 40 , 0.858578444269 , 0.0736902464617 , 30148.7172625 , 0.793138310431 , 0.799137509236
30 / 45 , 0.858578444269 , 0.0736902464617 , 30148.7172625 , 0.793138310431 , 0.799137509236
30 / 50 , 0.858578444269 , 0.0736902464617 , 30148.7172625 , 0.793138310431 , 0.799137509236
30 / 55 , 0.858578444269 , 0.0736902464617 , 30148.7172625 , 0.793138310431 , 0.799137509236
30 / 60 , 0.858578444269 , 0.0736902464617 , 30148.7172625 , 0.793138310431 , 0.799137509236
30 / 65 , 0.858578444269 , 0.0736902464617 , 30148.7172625 , 0.793138310431 , 0.799137509236
30 / 70 , 0.858578444269 , 0.0736902464617 , 30148.7172625 , 0.793138310431 , 0.799137509236
30 / 75 , 0.858578444269 , 0.0736902464617 , 30148.7172625 , 0.793138310431 , 0.799137509236
30 / 80 , 0.858578444269 , 0.0736902464617 , 30148.7172625 , 0.793138310431 , 0.799137509236
30 / 85 , 0.858578444269 , 0.0736902464617 , 30148.7172625 , 0.793138310431 , 0.799137509236
30 / 90 , 0.858578444269 , 0.0736902464617 , 30148.7172625 , 0.793138310431 , 0.799137509236
30 / 95 , 0.858578444269 , 0.0736902464617 , 30148.7172625 , 0.793138310431 , 0.799137509236
35 / 5 , 0.829903009322 , 0.0839674620295 , 42808.0324971 , 0.751021131326 , 0.760718485356
35 / 10 , 0.860637059506 , 0.0694422112465 , 31054.8694139 , 0.782651295162 , 0.790876661075
35 / 15 , 0.862709333341 , 0.0709531196302 , 30524.4079411 , 0.798274526646 , 0.804969660348
35 / 20 , 0.859783652977 , 0.0766484595175 , 30501.3977308 , 0.777405771606 , 0.784135824112
35 / 25 , 0.861453463521 , 0.0740392511481 , 30273.5789616 , 0.788729943347 , 0.795513593204
35 / 30 , 0.861316556175 , 0.074794000554 , 30385.9632891 , 0.789096113334 , 0.795509209364
35 / 35 , 0.861301201625 , 0.0747919288356 , 30515.8468277 , 0.786769263244 , 0.793222580332
35 / 40 , 0.861301201625 , 0.0747919288356 , 30515.8468277 , 0.786769263244 , 0.793222580332
35 / 45 , 0.861301201625 , 0.0747919288356 , 30515.8468277 , 0.786769263244 , 0.793222580332
35 / 50 , 0.861301201625 , 0.0747919288356 , 30515.8468277 , 0.786769263244 , 0.793222580332
35 / 55 , 0.861301201625 , 0.0747919288356 , 30515.8468277 , 0.786769263244 , 0.793222580332
35 / 60 , 0.861301201625 , 0.0747919288356 , 30515.8468277 , 0.786769263244 , 0.793222580332
35 / 65 , 0.861301201625 , 0.0747919288356 , 30515.8468277 , 0.786769263244 , 0.793222580332
35 / 70 , 0.861301201625 , 0.0747919288356 , 30515.8468277 , 0.786769263244 , 0.793222580332
35 / 75 , 0.861301201625 , 0.0747919288356 , 30515.8468277 , 0.786769263244 , 0.793222580332
35 / 80 , 0.861301201625 , 0.0747919288356 , 30515.8468277 , 0.786769263244 , 0.793222580332
35 / 85 , 0.861301201625 , 0.0747919288356 , 30515.8468277 , 0.786769263244 , 0.793222580332
35 / 90 , 0.861301201625 , 0.0747919288356 , 30515.8468277 , 0.786769263244 , 0.793222580332
35 / 95 , 0.861301201625 , 0.0747919288356 , 30515.8468277 , 0.786769263244 , 0.793222580332
40 / 5 , 0.828737121295 , 0.0842713212406 , 42646.3046586 , 0.757700520068 , 0.76723874571
40 / 10 , 0.860216385622 , 0.0710637266938 , 31151.9360706 , 0.783830022479 , 0.79152885562
40 / 15 , 0.863252931885 , 0.07157193779 , 30538.4606949 , 0.79887755243 , 0.804974801468
40 / 20 , 0.860786375286 , 0.0784498464994 , 30457.0012955 , 0.77826914634 , 0.784595778834
40 / 25 , 0.862340227992 , 0.075413887856 , 30120.232206 , 0.794242642143 , 0.800400504917
40 / 30 , 0.862534774849 , 0.0756113275854 , 30161.371118 , 0.794546898117 , 0.800423700357
40 / 35 , 0.862526611278 , 0.0756085236818 , 30267.8459013 , 0.792343975378 , 0.798321085765
40 / 40 , 0.862526611278 , 0.0756085236818 , 30267.8459013 , 0.792343975378 , 0.798321085765
40 / 45 , 0.862526611278 , 0.0756085236818 , 30267.8459013 , 0.792343975378 , 0.798321085765
40 / 50 , 0.862526611278 , 0.0756085236818 , 30267.8459013 , 0.792343975378 , 0.798321085765
40 / 55 , 0.862526611278 , 0.0756085236818 , 30267.8459013 , 0.792343975378 , 0.798321085765
40 / 60 , 0.862526611278 , 0.0756085236818 , 30267.8459013 , 0.792343975378 , 0.798321085765
40 / 65 , 0.862526611278 , 0.0756085236818 , 30267.8459013 , 0.792343975378 , 0.798321085765
40 / 70 , 0.862526611278 , 0.0756085236818 , 30267.8459013 , 0.792343975378 , 0.798321085765
40 / 75 , 0.862526611278 , 0.0756085236818 , 30267.8459013 , 0.792343975378 , 0.798321085765
40 / 80 , 0.862526611278 , 0.0756085236818 , 30267.8459013 , 0.792343975378 , 0.798321085765
40 / 85 , 0.862526611278 , 0.0756085236818 , 30267.8459013 , 0.792343975378 , 0.798321085765
40 / 90 , 0.862526611278 , 0.0756085236818 , 30267.8459013 , 0.792343975378 , 0.798321085765
40 / 95 , 0.862526611278 , 0.0756085236818 , 30267.8459013 , 0.792343975378 , 0.798321085765
45 / 5 , 0.82847787027 , 0.0862568240726 , 43518.1719201 , 0.755274976525 , 0.766060013252
45 / 10 , 0.85938670144 , 0.0731724589625 , 31981.8671274 , 0.787028801572 , 0.795425867681
45 / 15 , 0.862415882745 , 0.0736004664027 , 31077.7353181 , 0.79895698022 , 0.806160748872
45 / 20 , 0.860473635894 , 0.0789151624777 , 31303.6887057 , 0.778959944739 , 0.786107986339
45 / 25 , 0.861830864414 , 0.0772528155764 , 30803.1584091 , 0.794226576037 , 0.801348864791
45 / 30 , 0.861771712923 , 0.077436168395 , 30835.5425493 , 0.794952127901 , 0.80173638076
45 / 35 , 0.861769354566 , 0.0774410665342 , 30934.2000073 , 0.792931124349 , 0.799811106912
45 / 40 , 0.861769354566 , 0.0774410665342 , 30934.2000073 , 0.792931124349 , 0.799811106912
45 / 45 , 0.861769354566 , 0.0774410665342 , 30934.2000073 , 0.792931124349 , 0.799811106912
45 / 50 , 0.861769354566 , 0.0774410665342 , 30934.2000073 , 0.792931124349 , 0.799811106912
45 / 55 , 0.861769354566 , 0.0774410665342 , 30934.2000073 , 0.792931124349 , 0.799811106912
45 / 60 , 0.861769354566 , 0.0774410665342 , 30934.2000073 , 0.792931124349 , 0.799811106912
45 / 65 , 0.861769354566 , 0.0774410665342 , 30934.2000073 , 0.792931124349 , 0.799811106912
45 / 70 , 0.861769354566 , 0.0774410665342 , 30934.2000073 , 0.792931124349 , 0.799811106912
45 / 75 , 0.861769354566 , 0.0774410665342 , 30934.2000073 , 0.792931124349 , 0.799811106912
45 / 80 , 0.861769354566 , 0.0774410665342 , 30934.2000073 , 0.792931124349 , 0.799811106912
45 / 85 , 0.861769354566 , 0.0774410665342 , 30934.2000073 , 0.792931124349 , 0.799811106912
45 / 90 , 0.861769354566 , 0.0774410665342 , 30934.2000073 , 0.792931124349 , 0.799811106912
45 / 95 , 0.861769354566 , 0.0774410665342 , 30934.2000073 , 0.792931124349 , 0.799811106912
50 / 5 , 0.828879893732 , 0.0858618191829 , 43781.3374539 , 0.756342231222 , 0.768085386378
50 / 10 , 0.859949935227 , 0.0733611207872 , 32081.2302573 , 0.787458147453 , 0.795888777871
50 / 15 , 0.863034888504 , 0.073344977761 , 31355.5972283 , 0.794861090743 , 0.802531869792
50 / 20 , 0.861549508064 , 0.0780630117264 , 31404.5681015 , 0.779172391952 , 0.786818929094
50 / 25 , 0.861972966357 , 0.0770268027932 , 31056.8381691 , 0.792536927638 , 0.800195429982
50 / 30 , 0.86205559197 , 0.0771027874498 , 30915.1379842 , 0.794413612449 , 0.801506064132
50 / 35 , 0.862088815303 , 0.0770707376252 , 31009.1002722 , 0.79258888752 , 0.79976939423
50 / 40 , 0.862088815303 , 0.0770707376252 , 31009.1002722 , 0.79258888752 , 0.79976939423
50 / 45 , 0.862088815303 , 0.0770707376252 , 31009.1002722 , 0.79258888752 , 0.79976939423
50 / 50 , 0.862088815303 , 0.0770707376252 , 31009.1002722 , 0.79258888752 , 0.79976939423
50 / 55 , 0.862088815303 , 0.0770707376252 , 31009.1002722 , 0.79258888752 , 0.79976939423
50 / 60 , 0.862088815303 , 0.0770707376252 , 31009.1002722 , 0.79258888752 , 0.79976939423
50 / 65 , 0.862088815303 , 0.0770707376252 , 31009.1002722 , 0.79258888752 , 0.79976939423
50 / 70 , 0.862088815303 , 0.0770707376252 , 31009.1002722 , 0.79258888752 , 0.79976939423
50 / 75 , 0.862088815303 , 0.0770707376252 , 31009.1002722 , 0.79258888752 , 0.79976939423
50 / 80 , 0.862088815303 , 0.0770707376252 , 31009.1002722 , 0.79258888752 , 0.79976939423
50 / 85 , 0.862088815303 , 0.0770707376252 , 31009.1002722 , 0.79258888752 , 0.79976939423
50 / 90 , 0.862088815303 , 0.0770707376252 , 31009.1002722 , 0.79258888752 , 0.79976939423
50 / 95 , 0.862088815303 , 0.0770707376252 , 31009.1002722 , 0.79258888752 , 0.79976939423
55 / 5 , 0.830635795576 , 0.0832693662275 , 43779.1566212 , 0.756550648053 , 0.767671296186
55 / 10 , 0.862275417002 , 0.0715191658925 , 31995.201603 , 0.788028134388 , 0.795947184214
55 / 15 , 0.865212075178 , 0.0710499079219 , 31397.1450098 , 0.795541708791 , 0.802583786307
55 / 20 , 0.863586440491 , 0.0756319161068 , 31314.4029626 , 0.781629736927 , 0.788816040282
55 / 25 , 0.863560126995 , 0.0759600958392 , 31113.3018599 , 0.789574045005 , 0.797261119068
55 / 30 , 0.863643728542 , 0.0756954430049 , 30878.5861097 , 0.793052404022 , 0.799984423029
55 / 35 , 0.863670315628 , 0.0756671367089 , 30989.746956 , 0.791389168567 , 0.798400307407
55 / 40 , 0.863670315628 , 0.0756671367089 , 30989.746956 , 0.791389168567 , 0.798400307407
55 / 45 , 0.863670315628 , 0.0756671367089 , 30989.746956 , 0.791389168567 , 0.798400307407
55 / 50 , 0.863670315628 , 0.0756671367089 , 30989.746956 , 0.791389168567 , 0.798400307407
55 / 55 , 0.863670315628 , 0.0756671367089 , 30989.746956 , 0.791389168567 , 0.798400307407
55 / 60 , 0.863670315628 , 0.0756671367089 , 30989.746956 , 0.791389168567 , 0.798400307407
55 / 65 , 0.863670315628 , 0.0756671367089 , 30989.746956 , 0.791389168567 , 0.798400307407
55 / 70 , 0.863670315628 , 0.0756671367089 , 30989.746956 , 0.791389168567 , 0.798400307407
55 / 75 , 0.863670315628 , 0.0756671367089 , 30989.746956 , 0.791389168567 , 0.798400307407
55 / 80 , 0.863670315628 , 0.0756671367089 , 30989.746956 , 0.791389168567 , 0.798400307407
55 / 85 , 0.863670315628 , 0.0756671367089 , 30989.746956 , 0.791389168567 , 0.798400307407
55 / 90 , 0.863670315628 , 0.0756671367089 , 30989.746956 , 0.791389168567 , 0.798400307407
55 / 95 , 0.863670315628 , 0.0756671367089 , 30989.746956 , 0.791389168567 , 0.798400307407
60 / 5 , 0.829571746706 , 0.0841344421204 , 43593.3904989 , 0.755026379385 , 0.766040387132
60 / 10 , 0.861619599588 , 0.0724121935285 , 31905.9616498 , 0.787687516868 , 0.795682863168
60 / 15 , 0.863405272347 , 0.0729061192547 , 31289.2195646 , 0.793105837463 , 0.800443497671
60 / 20 , 0.862493182555 , 0.0769589420641 , 31232.7427002 , 0.778244452151 , 0.785524344383
60 / 25 , 0.862452906129 , 0.0770251784454 , 30931.9570029 , 0.788643886349 , 0.796361959299
60 / 30 , 0.862593643616 , 0.0768973889651 , 30761.2154854 , 0.791870151099 , 0.798893169593
60 / 35 , 0.862618079412 , 0.0768710865024 , 30850.3792223 , 0.790329174603 , 0.797425175607
60 / 40 , 0.862618079412 , 0.0768710865024 , 30850.3792223 , 0.790329174603 , 0.797425175607
60 / 45 , 0.862618079412 , 0.0768710865024 , 30850.3792223 , 0.790329174603 , 0.797425175607
60 / 50 , 0.862618079412 , 0.0768710865024 , 30850.3792223 , 0.790329174603 , 0.797425175607
60 / 55 , 0.862618079412 , 0.0768710865024 , 30850.3792223 , 0.790329174603 , 0.797425175607
60 / 60 , 0.862618079412 , 0.0768710865024 , 30850.3792223 , 0.790329174603 , 0.797425175607
60 / 65 , 0.862618079412 , 0.0768710865024 , 30850.3792223 , 0.790329174603 , 0.797425175607
60 / 70 , 0.862618079412 , 0.0768710865024 , 30850.3792223 , 0.790329174603 , 0.797425175607
60 / 75 , 0.862618079412 , 0.0768710865024 , 30850.3792223 , 0.790329174603 , 0.797425175607
60 / 80 , 0.862618079412 , 0.0768710865024 , 30850.3792223 , 0.790329174603 , 0.797425175607
60 / 85 , 0.862618079412 , 0.0768710865024 , 30850.3792223 , 0.790329174603 , 0.797425175607
60 / 90 , 0.862618079412 , 0.0768710865024 , 30850.3792223 , 0.790329174603 , 0.797425175607
60 / 95 , 0.862618079412 , 0.0768710865024 , 30850.3792223 , 0.790329174603 , 0.797425175607
65 / 5 , 0.829201886999 , 0.0850768259719 , 43303.4859836 , 0.758038484144 , 0.769004957302
65 / 10 , 0.860562364133 , 0.073654516719 , 31390.5638798 , 0.790017489656 , 0.79763262617
65 / 15 , 0.862171371962 , 0.0746114828539 , 30729.758405 , 0.796364404894 , 0.803572890219
65 / 20 , 0.861598594174 , 0.0782727434543 , 30684.2920711 , 0.783588245494 , 0.790567319577
65 / 25 , 0.861952404878 , 0.0782172127553 , 30535.7335586 , 0.790689643462 , 0.798176059862
65 / 30 , 0.861736977115 , 0.0781238884713 , 30379.66437 , 0.79362572993 , 0.80045388743
65 / 35 , 0.861757215471 , 0.0781018659617 , 30452.4606118 , 0.792247700253 , 0.799142274084
65 / 40 , 0.861757215471 , 0.0781018659617 , 30452.4606118 , 0.792247700253 , 0.799142274084
65 / 45 , 0.861757215471 , 0.0781018659617 , 30452.4606118 , 0.792247700253 , 0.799142274084
65 / 50 , 0.861757215471 , 0.0781018659617 , 30452.4606118 , 0.792247700253 , 0.799142274084
65 / 55 , 0.861757215471 , 0.0781018659617 , 30452.4606118 , 0.792247700253 , 0.799142274084
65 / 60 , 0.861757215471 , 0.0781018659617 , 30452.4606118 , 0.792247700253 , 0.799142274084
65 / 65 , 0.861757215471 , 0.0781018659617 , 30452.4606118 , 0.792247700253 , 0.799142274084
65 / 70 , 0.861757215471 , 0.0781018659617 , 30452.4606118 , 0.792247700253 , 0.799142274084
65 / 75 , 0.861757215471 , 0.0781018659617 , 30452.4606118 , 0.792247700253 , 0.799142274084
65 / 80 , 0.861757215471 , 0.0781018659617 , 30452.4606118 , 0.792247700253 , 0.799142274084
65 / 85 , 0.861757215471 , 0.0781018659617 , 30452.4606118 , 0.792247700253 , 0.799142274084
65 / 90 , 0.861757215471 , 0.0781018659617 , 30452.4606118 , 0.792247700253 , 0.799142274084
65 / 95 , 0.861757215471 , 0.0781018659617 , 30452.4606118 , 0.792247700253 , 0.799142274084
70 / 5 , 0.828795960909 , 0.0850563532214 , 43516.3927273 , 0.757152150321 , 0.768562344793
70 / 10 , 0.859820761272 , 0.0742413943336 , 31595.1710031 , 0.789342586234 , 0.797218404288
70 / 15 , 0.861185358614 , 0.0758329236241 , 30981.9483425 , 0.794872559927 , 0.80237959726
70 / 20 , 0.861020431101 , 0.0789904432838 , 30881.7298435 , 0.782091547218 , 0.789343048595
70 / 25 , 0.861344833101 , 0.0783258015938 , 30697.6134318 , 0.789475774375 , 0.797166321348
70 / 30 , 0.861117277918 , 0.0782305829532 , 30606.5713818 , 0.791897088988 , 0.799006676199
70 / 35 , 0.861136356953 , 0.0782094236415 , 30671.7310964 , 0.790570093053 , 0.797742596978
70 / 40 , 0.861136356953 , 0.0782094236415 , 30671.7310964 , 0.790570093053 , 0.797742596978
70 / 45 , 0.861136356953 , 0.0782094236415 , 30671.7310964 , 0.790570093053 , 0.797742596978
70 / 50 , 0.861136356953 , 0.0782094236415 , 30671.7310964 , 0.790570093053 , 0.797742596978
70 / 55 , 0.861136356953 , 0.0782094236415 , 30671.7310964 , 0.790570093053 , 0.797742596978
70 / 60 , 0.861136356953 , 0.0782094236415 , 30671.7310964 , 0.790570093053 , 0.797742596978
70 / 65 , 0.861136356953 , 0.0782094236415 , 30671.7310964 , 0.790570093053 , 0.797742596978
70 / 70 , 0.861136356953 , 0.0782094236415 , 30671.7310964 , 0.790570093053 , 0.797742596978
70 / 75 , 0.861136356953 , 0.0782094236415 , 30671.7310964 , 0.790570093053 , 0.797742596978
70 / 80 , 0.861136356953 , 0.0782094236415 , 30671.7310964 , 0.790570093053 , 0.797742596978
70 / 85 , 0.861136356953 , 0.0782094236415 , 30671.7310964 , 0.790570093053 , 0.797742596978
70 / 90 , 0.861136356953 , 0.0782094236415 , 30671.7310964 , 0.790570093053 , 0.797742596978
70 / 95 , 0.861136356953 , 0.0782094236415 , 30671.7310964 , 0.790570093053 , 0.797742596978
75 / 5 , 0.829060669984 , 0.0850578271681 , 43188.5837367 , 0.760276289617 , 0.771629287941
75 / 10 , 0.860107999785 , 0.0747887108141 , 31262.8928093 , 0.79265464431 , 0.800145365637
75 / 15 , 0.861548870628 , 0.0759640777273 , 30699.7665288 , 0.797514100602 , 0.804622025184
75 / 20 , 0.861461470455 , 0.0787856587007 , 30690.5280574 , 0.784169279496 , 0.7911992382
75 / 25 , 0.861765620766 , 0.0782805996617 , 30478.2174784 , 0.792434857085 , 0.799941306687
75 / 30 , 0.861497249556 , 0.0781358108859 , 30391.1055949 , 0.794701548867 , 0.80167171709
75 / 35 , 0.861516580836 , 0.0781142937818 , 30448.8871709 , 0.793477106257 , 0.800505410775
75 / 40 , 0.861516580836 , 0.0781142937818 , 30448.8871709 , 0.793477106257 , 0.800505410775
75 / 45 , 0.861516580836 , 0.0781142937818 , 30448.8871709 , 0.793477106257 , 0.800505410775
75 / 50 , 0.861516580836 , 0.0781142937818 , 30448.8871709 , 0.793477106257 , 0.800505410775
75 / 55 , 0.861516580836 , 0.0781142937818 , 30448.8871709 , 0.793477106257 , 0.800505410775
75 / 60 , 0.861516580836 , 0.0781142937818 , 30448.8871709 , 0.793477106257 , 0.800505410775
75 / 65 , 0.861516580836 , 0.0781142937818 , 30448.8871709 , 0.793477106257 , 0.800505410775
75 / 70 , 0.861516580836 , 0.0781142937818 , 30448.8871709 , 0.793477106257 , 0.800505410775
75 / 75 , 0.861516580836 , 0.0781142937818 , 30448.8871709 , 0.793477106257 , 0.800505410775
75 / 80 , 0.861516580836 , 0.0781142937818 , 30448.8871709 , 0.793477106257 , 0.800505410775
75 / 85 , 0.861516580836 , 0.0781142937818 , 30448.8871709 , 0.793477106257 , 0.800505410775
75 / 90 , 0.861516580836 , 0.0781142937818 , 30448.8871709 , 0.793477106257 , 0.800505410775
75 / 95 , 0.861516580836 , 0.0781142937818 , 30448.8871709 , 0.793477106257 , 0.800505410775
80 / 5 , 0.829176085939 , 0.0859331412906 , 43126.0194364 , 0.761090344918 , 0.772493728491
80 / 10 , 0.86144320441 , 0.0735071032425 , 31310.1813426 , 0.793130032349 , 0.800571740905
80 / 15 , 0.862273733709 , 0.075369030251 , 30715.7289264 , 0.797411656115 , 0.804504557663
80 / 20 , 0.862775491887 , 0.077983688607 , 30760.7668138 , 0.784736664633 , 0.79168853926
80 / 25 , 0.862856837183 , 0.0776334754673 , 30438.8193644 , 0.792595552685 , 0.799988846701
80 / 30 , 0.86284823778 , 0.0773121686736 , 30360.3946923 , 0.794815272571 , 0.801728720053
80 / 35 , 0.8628629245 , 0.0772943044033 , 30416.4305914 , 0.793664805313 , 0.800632526745
80 / 40 , 0.8628629245 , 0.0772943044033 , 30416.4305914 , 0.793664805313 , 0.800632526745
80 / 45 , 0.8628629245 , 0.0772943044033 , 30416.4305914 , 0.793664805313 , 0.800632526745
80 / 50 , 0.8628629245 , 0.0772943044033 , 30416.4305914 , 0.793664805313 , 0.800632526745
80 / 55 , 0.8628629245 , 0.0772943044033 , 30416.4305914 , 0.793664805313 , 0.800632526745
80 / 60 , 0.8628629245 , 0.0772943044033 , 30416.4305914 , 0.793664805313 , 0.800632526745
80 / 65 , 0.8628629245 , 0.0772943044033 , 30416.4305914 , 0.793664805313 , 0.800632526745
80 / 70 , 0.8628629245 , 0.0772943044033 , 30416.4305914 , 0.793664805313 , 0.800632526745
80 / 75 , 0.8628629245 , 0.0772943044033 , 30416.4305914 , 0.793664805313 , 0.800632526745
80 / 80 , 0.8628629245 , 0.0772943044033 , 30416.4305914 , 0.793664805313 , 0.800632526745
80 / 85 , 0.8628629245 , 0.0772943044033 , 30416.4305914 , 0.793664805313 , 0.800632526745
80 / 90 , 0.8628629245 , 0.0772943044033 , 30416.4305914 , 0.793664805313 , 0.800632526745
80 / 95 , 0.8628629245 , 0.0772943044033 , 30416.4305914 , 0.793664805313 , 0.800632526745
85 / 5 , 0.829443490383 , 0.0858626877122 , 43142.0157155 , 0.761135427104 , 0.772505253538
85 / 10 , 0.861330883644 , 0.0738746333479 , 31373.3684258 , 0.792857968909 , 0.800276367308
85 / 15 , 0.862128091184 , 0.0756118381594 , 30674.2932641 , 0.797404908878 , 0.80447666475
85 / 20 , 0.862907039376 , 0.0783466583851 , 30745.8939651 , 0.784031740248 , 0.791003332808
85 / 25 , 0.863203129341 , 0.0779398370546 , 30408.5190522 , 0.792420333115 , 0.799707476186
85 / 30 , 0.86318069994 , 0.0776900012023 , 30334.8393873 , 0.794406656492 , 0.801288050253
85 / 35 , 0.863192681871 , 0.0776726486371 , 30426.7507422 , 0.793100544617 , 0.800069783439
85 / 40 , 0.863192681871 , 0.0776726486371 , 30426.7507422 , 0.793100544617 , 0.800069783439
85 / 45 , 0.863192681871 , 0.0776726486371 , 30426.7507422 , 0.793100544617 , 0.800069783439
85 / 50 , 0.863192681871 , 0.0776726486371 , 30426.7507422 , 0.793100544617 , 0.800069783439
85 / 55 , 0.863192681871 , 0.0776726486371 , 30426.7507422 , 0.793100544617 , 0.800069783439
85 / 60 , 0.863192681871 , 0.0776726486371 , 30426.7507422 , 0.793100544617 , 0.800069783439
85 / 65 , 0.863192681871 , 0.0776726486371 , 30426.7507422 , 0.793100544617 , 0.800069783439
85 / 70 , 0.863192681871 , 0.0776726486371 , 30426.7507422 , 0.793100544617 , 0.800069783439
85 / 75 , 0.863192681871 , 0.0776726486371 , 30426.7507422 , 0.793100544617 , 0.800069783439
85 / 80 , 0.863192681871 , 0.0776726486371 , 30426.7507422 , 0.793100544617 , 0.800069783439
85 / 85 , 0.863192681871 , 0.0776726486371 , 30426.7507422 , 0.793100544617 , 0.800069783439
85 / 90 , 0.863192681871 , 0.0776726486371 , 30426.7507422 , 0.793100544617 , 0.800069783439
85 / 95 , 0.863192681871 , 0.0776726486371 , 30426.7507422 , 0.793100544617 , 0.800069783439
90 / 5 , 0.828546053979 , 0.0861613233163 , 43165.9923555 , 0.76093651984 , 0.77222811284
90 / 10 , 0.860029843912 , 0.0749412954117 , 31372.2019751 , 0.791834540642 , 0.79933496546
90 / 15 , 0.861033937966 , 0.076327647655 , 30698.6721257 , 0.795700313556 , 0.802871952352
90 / 20 , 0.861770052141 , 0.0803700575148 , 30704.1796606 , 0.783402525482 , 0.790520346581
90 / 25 , 0.861707322241 , 0.079173783268 , 30421.3835704 , 0.791048971563 , 0.798396283708
90 / 30 , 0.861524242881 , 0.0793334501353 , 30324.9656184 , 0.793089927741 , 0.800108484449
90 / 35 , 0.861571177761 , 0.0793357000273 , 30405.5649054 , 0.79191608666 , 0.799016622606
90 / 40 , 0.861571177761 , 0.0793357000273 , 30405.5649054 , 0.79191608666 , 0.799016622606
90 / 45 , 0.861571177761 , 0.0793357000273 , 30405.5649054 , 0.79191608666 , 0.799016622606
90 / 50 , 0.861571177761 , 0.0793357000273 , 30405.5649054 , 0.79191608666 , 0.799016622606
90 / 55 , 0.861571177761 , 0.0793357000273 , 30405.5649054 , 0.79191608666 , 0.799016622606
90 / 60 , 0.861571177761 , 0.0793357000273 , 30405.5649054 , 0.79191608666 , 0.799016622606
90 / 65 , 0.861571177761 , 0.0793357000273 , 30405.5649054 , 0.79191608666 , 0.799016622606
90 / 70 , 0.861571177761 , 0.0793357000273 , 30405.5649054 , 0.79191608666 , 0.799016622606
90 / 75 , 0.861571177761 , 0.0793357000273 , 30405.5649054 , 0.79191608666 , 0.799016622606
90 / 80 , 0.861571177761 , 0.0793357000273 , 30405.5649054 , 0.79191608666 , 0.799016622606
90 / 85 , 0.861571177761 , 0.0793357000273 , 30405.5649054 , 0.79191608666 , 0.799016622606
90 / 90 , 0.861571177761 , 0.0793357000273 , 30405.5649054 , 0.79191608666 , 0.799016622606
90 / 95 , 0.861571177761 , 0.0793357000273 , 30405.5649054 , 0.79191608666 , 0.799016622606
95 / 5 , 0.827839887292 , 0.0865760929044 , 43028.7322862 , 0.760863646901 , 0.771861856635
95 / 10 , 0.859674702548 , 0.0755724239699 , 31147.6995352 , 0.790331736838 , 0.797814453425
95 / 15 , 0.860900956749 , 0.0775957784073 , 30542.9769915 , 0.793360612013 , 0.800556646915
95 / 20 , 0.861261557592 , 0.081282858897 , 30563.2210923 , 0.782964277062 , 0.790112762725
95 / 25 , 0.861329662193 , 0.0798812377133 , 30184.7599591 , 0.79068768438 , 0.79795381853
95 / 30 , 0.861178468349 , 0.0800850797621 , 30054.4168266 , 0.79328763559 , 0.800189051336
95 / 35 , 0.861223728476 , 0.0800872009309 , 30129.0601274 , 0.792167148991 , 0.799145568455
95 / 40 , 0.861223728476 , 0.0800872009309 , 30129.0601274 , 0.792167148991 , 0.799145568455
95 / 45 , 0.861223728476 , 0.0800872009309 , 30129.0601274 , 0.792167148991 , 0.799145568455
95 / 50 , 0.861223728476 , 0.0800872009309 , 30129.0601274 , 0.792167148991 , 0.799145568455
95 / 55 , 0.861223728476 , 0.0800872009309 , 30129.0601274 , 0.792167148991 , 0.799145568455
95 / 60 , 0.861223728476 , 0.0800872009309 , 30129.0601274 , 0.792167148991 , 0.799145568455
95 / 65 , 0.861223728476 , 0.0800872009309 , 30129.0601274 , 0.792167148991 , 0.799145568455
95 / 70 , 0.861223728476 , 0.0800872009309 , 30129.0601274 , 0.792167148991 , 0.799145568455
95 / 75 , 0.861223728476 , 0.0800872009309 , 30129.0601274 , 0.792167148991 , 0.799145568455
95 / 80 , 0.861223728476 , 0.0800872009309 , 30129.0601274 , 0.792167148991 , 0.799145568455
95 / 85 , 0.861223728476 , 0.0800872009309 , 30129.0601274 , 0.792167148991 , 0.799145568455
95 / 90 , 0.861223728476 , 0.0800872009309 , 30129.0601274 , 0.792167148991 , 0.799145568455
95 / 95 , 0.861223728476 , 0.0800872009309 , 30129.0601274 , 0.792167148991 , 0.799145568455
