optimizer,layers_size,layers,epochs,activation,loss,mae
SGD,32,2,100,relu,nan,nan
SGD,32,2,200,relu,nan,nan
SGD,32,2,300,relu,nan,nan
SGD,32,2,100,gelu,nan,nan
SGD,32,2,200,gelu,nan,nan
SGD,32,2,300,gelu,nan,nan
SGD,32,3,100,relu,nan,nan
SGD,32,3,200,relu,nan,nan
SGD,32,3,300,relu,nan,nan
SGD,32,3,100,gelu,nan,nan
SGD,32,3,200,gelu,nan,nan
SGD,32,3,300,gelu,nan,nan
SGD,32,4,100,relu,nan,nan
SGD,32,4,200,relu,nan,nan
SGD,32,4,300,relu,nan,nan
SGD,32,4,100,gelu,nan,nan
SGD,32,4,200,gelu,nan,nan
SGD,32,4,300,gelu,nan,nan
SGD,64,2,100,relu,nan,nan
SGD,64,2,200,relu,nan,nan
SGD,64,2,300,relu,nan,nan
SGD,64,2,100,gelu,nan,nan
SGD,64,2,200,gelu,nan,nan
SGD,64,2,300,gelu,nan,nan
SGD,64,3,100,relu,nan,nan
SGD,64,3,200,relu,nan,nan
SGD,64,3,300,relu,nan,nan
SGD,64,3,100,gelu,nan,nan
SGD,64,3,200,gelu,nan,nan
SGD,64,3,300,gelu,nan,nan
SGD,64,4,100,relu,nan,nan
SGD,64,4,200,relu,nan,nan
SGD,64,4,300,relu,nan,nan
SGD,64,4,100,gelu,nan,nan
SGD,64,4,200,gelu,nan,nan
SGD,64,4,300,gelu,nan,nan
